Workbook

Sheet Statement of Applicability
A1: NovaCrest Financial Services Ltd — ISO 27001:2022 Statement of Applicability (SoA)
A2: All 93 Annex A controls assessed | Version 1.0 | 01 April 2026 | Owner: CISO | Classification: CONFIDENTIAL
A3: Control Ref | B3: Control Name | C3: Applicable? | D3: Justification for Inclusion / Exclusion | E3: Implementation Status | F3: Control Owner | G3: Evidence / Notes | H3: Control Category
A4: 5.1 | B4: Policies for information security | C4: Yes | D4: Required to establish management direction and demonstrate ISO 27001 Clause 5.2 conformance. Mandatory for certification. | E4: Implemented | F4: CISO | G4: Information Security Policy v1.0 approved April 2026. Published on intranet. | H4: Organisational
A5: 5.2 | B5: Information security roles and responsibilities | C5: Yes | D5: Required to define accountability for information security across all business areas of NovaCrest. | E5: Implemented | F5: CISO | G5: RACI matrix documented in ISMS governance pack. Role definitions in IS Policy. | H5: Organisational
A6: 5.3 | B6: Segregation of duties | C6: Yes | D6: Critical for a financial services firm processing customer transactions. Reduces risk of fraud and error. | E6: Partially Implemented | F6: IT Director | G6: System-level SoD enforced on core banking platform. Manual process SoD gaps identified — action plan in place. | H6: Organisational
A7: 5.4 | B7: Management responsibilities | C7: Yes | D7: Required by ISO 27001 Clause 5.1. Board commitment to information security must be documented. | E7: Implemented | F7: Board | G7: Board Information Security commitment statement signed April 2026. | H7: Organisational
A8: 5.5 | B8: Contact with authorities | C8: Yes | D8: Required for liaison with FCA, ICO, NCSC and law enforcement in the event of an incident or regulatory enquiry. | E8: Implemented | F8: CISO | G8: Authority contacts register maintained. FCA supervisory contact, ICO registration, NCSC Early Warning Service all documented. | H8: Organisational
A9: 5.6 | B9: Contact with special interest groups | C9: Yes | D9: Required to maintain awareness of the current threat landscape relevant to financial services. | E9: Implemented | F9: CISO | G9: NovaCrest is a member of FS-ISAC and subscribes to the NCSC Early Warning Service. Monthly threat briefings reviewed by CISO. | H9: Organisational
A10: 5.7 | B10: Threat intelligence | C10: Yes | D10: Required to identify and respond to emerging threats targeting the UK financial services sector. | E10: Implemented | F10: CISO | G10: FS-ISAC membership provides sector-specific threat intelligence. NCSC alerts reviewed weekly. Findings incorporated into risk register on rolling basis. | H10: Organisational
A11: 5.8 | B11: Information security in project management | C11: Yes | D11: Required to embed security into NovaCrest's change and project governance processes. | E11: Partially Implemented | F11: IT Director | G11: Security review gate added to project governance template. Threat modelling not yet formalised for new projects. | H11: Organisational
A12: 5.9 | B12: Inventory of information and other associated assets | C12: Yes | D12: Required to identify, classify and manage all information assets. Foundational control for risk assessment. | E12: Partially Implemented | F12: IT Director | G12: On-premises asset register 85% complete. Cloud assets (Azure) not fully inventoried — gap action in progress. | H12: Organisational
A13: 5.10 | B13: Acceptable use of information and other associated assets | C13: Yes | D13: Required to define permitted and prohibited use of NovaCrest information assets by all users. | E13: Implemented | F13: CISO | G13: Acceptable Use Policy published on intranet. Acknowledged by all staff at onboarding. Annual re-acknowledgement in place. | H13: Organisational
A14: 5.11 | B14: Return of assets | C14: Yes | D14: Required to ensure all NovaCrest assets are returned on employment termination or contract end. | E14: Implemented | F14: HR | G14: Asset return checklist included in leavers process. IT notified automatically on departure date. | H14: Organisational
... A96: 8.34 | B96: Protection of information systems during audit testing | C96: Yes | D96: Required to ensure that audit and testing activities do not disrupt production systems or expose data. | E96: Implemented | F96: IS Team | G96: All audit and penetration testing conducted in test environment or via controlled production-read-only access. Audit testing windows agreed with IT Director. No destructive testing in production. | H96: Technological

Sheet SoA Summary Dashboard
A1: Statement of Applicability — Summary Dashboard
A2: Auto-calculated from the Statement of Applicability sheet
A4: Implementation Status Overview
A5: Status | B5: Count | C5: % of 93 Controls | D5: Risk Indication | E5: Next Action
A6: Implemented | B6: =COUNTIF('Statement of Applicability'!E4:E96,"Implemented") -> 64 | C6: =B6/93*100 -> 68.817204 | D6: Low — maintain and evidence | E6: Continue monitoring. Collect evidence for certification body.
A7: Partially Implemented | B7: =COUNTIF('Statement of Applicability'!E4:E96,"Partially Implemented") -> 25 | C7: =B7/93*100 -> 26.88172 | D7: Medium — complete implementation | E7: Assign owners. Set target dates. Track to closure within 60 days.
A8: Not Implemented | B8: =COUNTIF('Statement of Applicability'!E4:E96,"Not Implemented") -> 4 | C8: =B8/93*100 -> 4.3010753 | D8: High — immediate remediation required | E8: Add to risk register. Include in corrective action plan. Priority for certification.
A9: Not Applicable / Excluded | B9: =COUNTIF('Statement of Applicability'!E4:E96,"Not Applicable") -> 0 | C9: =B9/93*100 -> 0 | D9: N/A | E9: Document formal exclusion justification in SoA.
A10: TOTAL | B10: =SUM(B6:B9) -> 93 | C10: 100% | E10: Target: all 93 controls Implemented or formally excluded before certification.
A13: Controls by Category
A14: Category | B14: Total Controls | C14: Implemented | D14: Partially Implemented | E14: Not Implemented
A15: Organisational | B15: =COUNTIF('Statement of Applicability'!H4:H96,"Organisational") -> 37 | C15: =COUNTIFS('Statement of Applicability'!H4:H96,"Organisational",'Statement of Applicability'!E4:E96,"Implemented") -> 22 | D15: =COUNTIFS('Statement of Applicability'!H4:H96,"Organisational",'Statement of Applicability'!E4:E96,"Partially Implemented") -> 12 | E15: =COUNTIFS('Statement of Applicability'!H4:H96,"Organisational",'Statement of Applicability'!E4:E96,"Not Implemented") -> 3
A16: People | B16: =COUNTIF('Statement of Applicability'!H4:H96,"People") -> 8 | C16: =COUNTIFS('Statement of Applicability'!H4:H96,"People",'Statement of Applicability'!E4:E96,"Implemented") -> 7 | D16: =COUNTIFS('Statement of Applicability'!H4:H96,"People",'Statement of Applicability'!E4:E96,"Partially Implemented") -> 1 | E16: =COUNTIFS('Statement of Applicability'!H4:H96,"People",'Statement of Applicability'!E4:E96,"Not Implemented") -> 0
A17: Physical | B17: =COUNTIF('Statement of Applicability'!H4:H96,"Physical") -> 14 | C17: =COUNTIFS('Statement of Applicability'!H4:H96,"Physical",'Statement of Applicability'!E4:E96,"Implemented") -> 14 | D17: =COUNTIFS('Statement of Applicability'!H4:H96,"Physical",'Statement of Applicability'!E4:E96,"Partially Implemented") -> 0 | E17: =COUNTIFS('Statement of Applicability'!H4:H96,"Physical",'Statement of Applicability'!E4:E96,"Not Implemented") -> 0
A18: Technological | B18: =COUNTIF('Statement of Applicability'!H4:H96,"Technological") -> 34 | C18: =COUNTIFS('Statement of Applicability'!H4:H96,"Technological",'Statement of Applicability'!E4:E96,"Implemented") -> 21 | D18: =COUNTIFS('Statement of Applicability'!H4:H96,"Technological",'Statement of Applicability'!E4:E96,"Partially Implemented") -> 12 | E18: =COUNTIFS('Statement of Applicability'!H4:H96,"Technological",'Statement of Applicability'!E4:E96,"Not Implemented") -> 1
A21: DAY 3 TASK — Your 6 Controls to Change (see Day 3 SoA Personalisation Guide)
A22: Control | B22: Name | C22: Current Status | D22: Change To | E22: Your Justification (write in your own words)
A23: 5.7 | B23: Threat Intelligence | C23: Partially Implemented | D23: Implemented | E23: FS-ISAC membership + NCSC Early Warning = sufficient threat intel for NovaCrest's risk profile
A24: 5.23 | B24: Cloud Services Security | C24: Partially Implemented | D24: Not Implemented | E24: Azure audit confirmed Defender for Cloud not enabled and cloud policy unapproved — downgrade justified
A25: 5.29 | B25: IS During Disruption | C25: Partially Implemented | D25: Not Implemented | E25: BCP untested for 24 months — cannot evidence operational continuity controls
A26: 5.35 | B26: Independent Review | C26: Not Implemented | D26: Partially Implemented | E26: First internal audit completed April 2026 — upgrade justified, external review still pending
A27: 8.8 | B27: Vulnerability Management | C27: Partially Implemented | D27: Not Implemented | E27: Patching alone ≠ vulnerability management. No scanning programme exists — downgrade required
A28: 8.25 | B28: Secure Development Lifecycle | C28: Partially Implemented | D28: Implemented | E28: SAST in CI/CD + OWASP baseline + security review gate = fully implemented SDL
